№,юрл сайта,код ответа,статус,адрес перенаправления,canonical url,тип контента,размер,meta robots,meta robots (текст),prev,next,refresh,title,длина title,description,keywords,h1,unnamed: 18,h2,последнее изменение,внутренние ссылки,внешние ссылки,время отклика (сек),время загрузки (сек),время парсинга (сек),unnamed: 26,unnamed: 27,unnamed: 28,unnamed: 29,unnamed: 30,unnamed: 31,unnamed: 32,unnamed: 33,unnamed: 34,result
1,https://zagrangid.com/kurs-valyut/usd_thb,200,HTTP/2 200,,,text/html, charset=utf-8,115,43 Кб,,index, follow, max-image-preview:large, max-snippet:-1, max-video-preview:-1,,,,Курс тайского бата к рублю и доллару на сегодня,47,Калькулятор курса тайского бата к доллару и рублю   Динамика курса тайского бата к рублю по месяцам  Конвертер валют,<ПУСТО>,Курс тайского бата к рублю и доллару на сегодня,Калькулятор курса тайского бата к доллару и рублюДинамика курса тайского бата к рублю по месяцамСтоит ли менять в аэропорту СуварнабхумиГде лучшие обменники в ПаттайеГде лучшие обменники на ПхукетеТребования к купюрам для обменаКак избежать мошенничества при обмене,1360,,64,9,2,500,2,500,0,5,"**Курс тайского бата к рублю и доллару на сегодня**

**Вступление**
Тайский бат является официальной валютой Таиланда. Он широко используется в стране, а также пользуется популярностью у туристов. Для тех, кто планирует посетить Таиланд, важно понимать текущий обменный курс бата к рублю и доллару США.

**Курс бата к рублю**
На момент написания этой статьи (26 февраля 2023 г.) курс бата к рублю составляет:

* 1 THB = 1,55 RUB

Это означает, что за один тайский бат вы получите 1,55 российского рубля.

**Курс бата к доллару**
Курс бата к доллару США на сегодня составляет:

* 1 THB = 0,032 USD

Это означает, что за один тайский бат вы получите 0,032 доллара США.

**Факторы, влияющие на обменный курс**
На обменный курс бата влияют различные факторы, в том числе:

* Экономические условия в Таиланде и России
* Туристический поток
* Инфляция
* Геополитические события

**Как получить наилучший обменный курс**
Чтобы получить наилучший обменный курс для тайского бата, рекомендуется следующее:

* Сравните курсы обмена в нескольких обменных пунктах.
* Выбирайте обменные пункты с низкими комиссиями.
* Обменивайте крупные суммы за один раз.
* Возьмите с собой наличные евро или доллары США для обмена в Таиланде.

**Вывод**
Понимание текущего обменного курса тайского бата к рублю и доллару имеет решающее значение для тех, кто планирует посетить Таиланд. Проведя небольшое исследование и следуя приведенным выше советам, вы можете получить наилучший обменный курс и максимально использовать свой отпуск."
2,https://zagrangid.com/kurs-valyut/usd_lvl,200,HTTP/2 200,,,text/html, charset=utf-8,108,46 Кб,,index, follow, max-image-preview:large, max-snippet:-1, max-video-preview:-1,,,,Курс латвийского лата к рублю и доллару на сегодня,50,Калькулятор курса латвийского лата к доллару и рублю   Динамика курса латвийского лата к рублю по месяцам  Конвертер валют,<ПУСТО>,Курс латвийского лата к рублю и доллару на сегодня,Калькулятор курса латвийского лата к доллару и рублюДинамика курса латвийского лата к рублю по месяцам,896,,64,7,2,0,2,0,0,4,"**Курс латвийского лата к рублю и доллару на сегодня**

Латвия является одной из трех прибалтийских стран, которая до 2014 года использовала собственный латвийский лат (LVL) в качестве официальной валюты. Однако 1 января 2014 года Латвия вошла в еврозону и приняла евро (EUR) в качестве своей валюты.

Тем не менее, мы можем предоставить вам исторические курсы латвийского лата к рублю и доллару США на момент его обращения:

**Курс лата к рублю**

По состоянию на 31 декабря 2013 года, последний день обращения лата, средний курс лата к рублю составлял:

* **1 LVL = 18,29 RUB**

**Курс лата к доллару США**

По состоянию на 31 декабря 2013 года средний курс лата к доллару США составлял:

* **1 LVL = 1,13 USD**

**Примечание:**

Эти курсы являются историческими и не отражают текущие обменные курсы латвийского лата, поскольку он больше не используется в качестве валюты. Латвия сейчас использует евро, и все обменные курсы можно найти с использованием этой валюты."
3,https://zagrangid.com/kurs-valyut/usd_mga,200,HTTP/2 200,,,text/html, charset=utf-8,108,45 Кб,,index, follow, max-image-preview:large, max-snippet:-1, max-video-preview:-1,,,,Курс малагасийского ариари к рублю и доллару на сегодня,55,Калькулятор курса малагасийского ариари к доллару и рублю   Динамика курса малагасийского ариари к рублю по месяцам,<ПУСТО>,Курс малагасийского ариари к рублю и доллару на сегодня,Калькулятор курса малагасийского ариари к доллару и рублюДинамика курса малагасийского ариари к рублю по месяцам,898,,64,7,2,500,2,500,0,5,"**Курс малагасийского ариари (MGA) к рублю (RUB) и доллару США (USD) на сегодня**

Малагасийский ариари (MGA) - официальная валюта Мадагаскара. Для проведения финансовых операций с участием ариари важно отслеживать его текущий обменный курс по отношению к основным мировым валютам, таким как российский рубль (RUB) и доллар США (USD).

**Курс MGA/RUB на сегодня**

По состоянию на [текущую дату], один малагасийский ариари равен примерно [текущий курс MGA/RUB] российским рублям. Это означает, что за 100 малагасийских ариари вы получите примерно [текущий курс MGA/RUB x 100] российских рублей.

**Курс MGA/USD на сегодня**

По состоянию на [текущую дату], один малагасийский ариари равен примерно [текущий курс MGA/USD] долларам США. Это означает, что за 100 малагасийских ариари вы получите примерно [текущий курс MGA/USD x 100] долларов США.

**Факторы, влияющие на обменный курс MGA**

Обменный курс MGA подвержен влиянию различных факторов, в том числе:

* **Экономические показатели Мадагаскара:** Рост ВВП, инфляция и уровень безработицы могут повлиять на спрос и предложение MGA.
* **Политическая стабильность:** Политическая нестабильность может привести к снижению доверия к MGA и его девальвации.
* **Спрос и предложение:** Высокий спрос на MGA со стороны туристов или инвесторов может привести к его укреплению, в то время как низкий спрос может привести к его ослаблению.
* **Валютные интервенции:** Центральный банк Мадагаскара может проводить валютные интервенции для поддержания стабильности обменного курса MGA.

**Где получить информацию об обменных курсах MGA**

Вы можете получить актуальную информацию об обменных курсах MGA из следующих источников:

* Google Finance
* Yahoo Finance
* Xe.com
* Central Bank of Madagascar

**Примечание:** Обменные курсы могут колебаться в течение дня, поэтому важно проверять их актуальность перед проведением каких-либо финансовых операций."
4,https://zagrangid.com/kurs-valyut/usd_cdf,200,HTTP/2 200,,,text/html, charset=utf-8,108,34 Кб,,index, follow, max-image-preview:large, max-snippet:-1, max-video-preview:-1,,,,Курс конголезского франка к рублю и доллару на сегодня,54,Калькулятор курса конголезского франка к доллару и рублю   Динамика курса конголезского франка к рублю по месяцам,<ПУСТО>,Курс конголезского франка к рублю и доллару на сегодня,Калькулятор курса конголезского франка к доллару и рублюДинамика курса конголезского франка к рублю по месяцам,897,,64,7,2,400,2,500,0,6,"**Курс конголезского франка к рублю и доллару на сегодня**

Конголезский франк (CDF) - официальная валюта Демократической Республики Конго. Курсы валют постоянно меняются в зависимости от различных экономических факторов, таких как процентные ставки, инфляция и спрос и предложение.

На момент написания статьи (2 марта 2023 г.) курс конголезского франка к рублю и доллару США выглядит следующим образом:

* **1 CDF = 0,0023 RUB**
* **1 CDF = 0,00044 USD**

**Калькулятор конвертации**

Чтобы преобразовать суммы между конголезскими франками, рублями и долларами США, вы можете использовать следующий калькулятор конвертации:

[https://www.xe.com/currencyconverter/](https://www.xe.com/currencyconverter/)

При использовании калькулятора обязательно выберите соответствующие валюты и введите сумму, которую хотите преобразовать.

**Факторы, влияющие на курс валюты**

На курс конголезского франка к рублю и доллару США влияют различные факторы, в том числе:

* **Процентные ставки:** Изменения процентных ставок в Конго, России и США могут повлиять на спрос и предложение валюты.
* **Инфляция:** Уровень инфляции в странах, чьи валюты вовлечены, также может повлиять на стоимость валюты.
* **Политическая и экономическая стабильность:** Политическая и экономическая стабильность в Конго, России и США может повлиять на доверие к их валютам.
* **Глобальные экономические события:** Глобальные экономические события, такие как рецессия или экономический рост, могут повлиять на курсы валют.

**Советы по обмену валюты**

Если вы планируете путешествовать в Демократическую Республику Конго или совершать транзакции, связанные с конголезским франком, вот несколько советов:

* **Сравнивайте курсы валют перед обменом:** Перед обменом денег сравните курсы в нескольких обменных пунктах, чтобы получить наилучший курс.
* **Используйте официальные обменные пункты:** Чтобы избежать мошенничества, обменивайте валюту только в официальных обменных пунктах, лицензированных Центральным банком Конго.
* **Носите наличные деньги:** Хотя в некоторых крупных городах принимаются кредитные карты, все же рекомендуется иметь при себе наличные деньги для большинства транзакций.
* **Знайте ограничения на обмен валюты:** В Конго действуют ограничения на обмен валюты, поэтому важно знать о них, прежде чем обменивать большие суммы денег.

Обратите внимание, что курсы валют постоянно меняются, поэтому перед совершением каких-либо валютных операций рекомендуется проверить последние курсы валют."
5,https://zagrangid.com/kurs-valyut/usd_kes,200,HTTP/2 200,,,text/html, charset=utf-8,108,38 Кб,,index, follow, max-image-preview:large, max-snippet:-1, max-video-preview:-1,,,,Курс кенийского шиллинга к рублю и доллару на сегодня,53,Калькулятор курса кенийского шиллинга к доллару и рублю   Динамика курса кенийского шиллинга к рублю по месяцам  Конвертер,<ПУСТО>,Курс кенийского шиллинга к рублю и доллару на сегодня,Калькулятор курса кенийского шиллинга к доллару и рублюДинамика курса кенийского шиллинга к рублю по месяцам,895,,64,7,2,100,2,100,0,5,"**Курс кенийского шиллинга к рублю и доллару на сегодня**

Кенийский шиллинг (KES), официальная валюта Кении, в настоящее время демонстрирует колебания по отношению к рублю и доллару США. На момент написания этого материала (дата) обменные курсы составляют:

**Курс кенийского шиллинга к рублю**

* 1 KES = 0,91 RUB
* 1 RUB = 1,09 KES

**Курс кенийского шиллинга к доллару США**

* 1 KES = 0,0093 USD
* 1 USD = 107,53 KES

**Влияющие факторы**

Курс кенийского шиллинга подвержен влиянию ряда факторов, в том числе:

* **Экономический рост Кении:** сильный экономический рост может привести к укреплению шиллинга.
* **Политическая стабильность:** политические потрясения или неопределенность могут привести к падению стоимости шиллинга.
* **Инфляция:** высокие темпы инфляции могут снизить покупательную способность шиллинга и привести к его обесцениванию.
* **Торговый баланс:** дефицит торгового баланса может привести к ослаблению шиллинга, в то время как профицит может способствовать укреплению валюты.
* **Политика Центрального банка:** политические меры, принятые Центральным банком Кении, могут влиять на обменный курс шиллинга.

**Прогнозы**

Прогнозы относительно будущих обменных курсов кенийского шиллинга различаются. Некоторые аналитики ожидают, что шиллинг останется стабильным в краткосрочной перспективе, в то время как другие полагают, что валюта может подвергнуться дальнейшему обесцениванию из-за продолжающейся инфляции и политической неопределенности.

**Примечания**

* Приведенные обменные курсы являются приблизительными и могут меняться с течением времени.
* Всегда рекомендуется проверять актуальные обменные курсы у авторитетного источника, например Центрального банка Кении или вашего местного банка или поставщика услуг денежных переводов.
* При совершении валютных операций важно учитывать сборы и комиссии, которые могут применяться."
6,https://zagrangid.com/kurs-valyut/usd_mru,200,HTTP/2 200,,,text/html, charset=utf-8,107,88 Кб,,index, follow, max-image-preview:large, max-snippet:-1, max-video-preview:-1,,,,Курс мавританской угии к рублю и доллару на сегодня,51,Калькулятор курса мавританской угии к доллару и рублю   Динамика курса мавританской угии к рублю по месяцам  Конвертер,<ПУСТО>,Курс мавританской угии к рублю и доллару на сегодня,Калькулятор курса мавританской угии к доллару и рублюДинамика курса мавританской угии к рублю по месяцам,870,,64,7,1,800,1,900,0,5,"**Курс мавританской угии к рублю и доллару на сегодня**

Мавританская угия (MRO) является официальной валютой Мавритании. Она делится на 100 хумов. Курс угии к другим валютам, таким как российский рубль (RUB) и доллар США (USD), постоянно колеблется в зависимости от рыночных сил.

**Курс угии к рублю**

По состоянию на [текущую дату], 1 мавританская угия торгуется примерно за [текущий курс MRO к RUB] российских рублей. Это означает, что за 100 угий можно получить примерно [текущий курс MRO к RUB x 100] рублей.

**Курс угии к доллару**

По состоянию на [текущую дату], 1 мавританская угия торгуется примерно за [текущий курс MRO к USD] долларов США. Это означает, что за 100 угий можно получить примерно [текущий курс MRO к USD x 100] долларов.

**Факторы, влияющие на курс угии**

Курс угии к рублю и доллару подвержен влиянию ряда факторов, включая:

* Экономическое положение Мавритании
* Валютная политика центрального банка Мавритании
* Глобальные экономические условия
* Политическая стабильность
* Предложение и спрос

**Для чего используются эти курсы?**

Курсы угии к рублю и доллару используются для следующих целей:

* Определение стоимости товаров и услуг для международных транзакций
* Конвертация валюты при путешествиях или ведении бизнеса в Мавритании
* Прогнозирование будущих обменных курсов
* Анализ экономических тенденций

Важно отметить, что обменные курсы могут быстро меняться, поэтому всегда рекомендуется проверять последние данные у надежного источника перед совершением валютных операций."
7,https://zagrangid.com/kurs-valyut/usd_ggp,200,HTTP/2 200,,,text/html, charset=utf-8,107,93 Кб,,index, follow, max-image-preview:large, max-snippet:-1, max-video-preview:-1,,,,Курс гернсийского фунта к рублю и доллару на сегодня,52,Калькулятор курса гернсийского фунта к доллару и рублю   Динамика курса гернсийского фунта к рублю по месяцам  Конвертер,<ПУСТО>,Курс гернсийского фунта к рублю и доллару на сегодня,Калькулятор курса гернсийского фунта к доллару и рублюДинамика курса гернсийского фунта к рублю по месяцам,870,,64,7,1,500,1,600,0,4,"**Курс гернсийского фунта к рублю и доллару на сегодня**

Гернсийский фунт (GGP) — валюта, используемая на британском коронном владении Гернси. Гернсийский фунт привязан к британскому фунту стерлингов (GBP) по курсу 1:1. Поэтому курс гернсийского фунта к рублю и доллару зависит от курса фунта стерлингов к этим валютам.

**Текущие курсы на сегодня**

По состоянию на [сегодняшнюю дату], курсы обмена валют составляют:

* **1 GGP к RUB:** [текущий курс]
* **1 GGP к USD:** [текущий курс]

**Факторы, влияющие на обменные курсы**

Курсы обмена валют постоянно меняются в зависимости от ряда факторов, включая:

* **Спрос и предложение:** Спрос на валюту может быть вызван торговлей, туризмом или инвестициями. Если спрос на валюту превышает предложение, ее стоимость будет расти.
* **Экономические показатели:** Экономический рост, инфляция и процентные ставки могут влиять на обменные курсы.
* **Политические события:** Политическая нестабильность или геополитические события могут привести к колебаниям обменных курсов.
* **Спекуляции:** Спекуляции также могут влиять на курсы валют, поскольку трейдеры пытаются извлечь прибыль из колебаний курсов.

**Как использовать обменные курсы**

Текущие курсы обмена валют можно использовать для конвертации денег при поездках или для совершения международных денежных переводов. Вы можете использовать онлайн-конвертер валют или зайти в местный банк или обменный пункт, чтобы получить обменный курс.

**Важно:** Всегда проверяйте обменный курс перед совершением сделки, так как он может меняться в течение дня."
8,https://zagrangid.com/kurs-valyut/usd_pkr,200,HTTP/2 200,,,text/html, charset=utf-8,108,34 Кб,,index, follow, max-image-preview:large, max-snippet:-1, max-video-preview:-1,,,,Курс пакистанской рупии к рублю и доллару на сегодня,52,Калькулятор курса пакистанской рупии к доллару и рублю   Динамика курса пакистанской рупии к рублю по месяцам  Конвертер,<ПУСТО>,Курс пакистанской рупии к рублю и доллару на сегодня,Калькулятор курса пакистанской рупии к доллару и рублюДинамика курса пакистанской рупии к рублю по месяцам,895,,64,7,1,300,1,300,0,5,"**Курс пакистанской рупии к рублю и доллару на сегодня**

Соотношение между валютами постоянно меняется из-за рыночных сил спроса и предложения. По состоянию на сегодняшний день курс пакистанской рупии (PKR) по отношению к российскому рублю (RUB) и американскому доллару (USD) составляет:

**1 PKR = 0,73 RUB**
**1 PKR = 0,021 USD**

Это означает, что для покупки 1 пакистанской рупии требуется примерно 0,73 рубля или 0,021 доллара США.

**Факторы, влияющие на обменный курс**

На обменный курс пакистанской рупии влияют различные факторы, в том числе:

* Экономические показатели Пакистана, такие как ВВП, инфляция и процентные ставки
* Поведение инвесторов и спекулянтов
* Внутренний спрос и предложение на валюту
* Политическая стабильность и экономические реформы

**Исторические тенденции**

За последние несколько лет курс пакистанской рупии по отношению к рублю и доллару был относительно стабильным. Пакистанская рупия несколько обесценилась по отношению к рублю в последние месяцы, но в целом курс был стабильным.

**Прогноз курса**

Будущий курс пакистанской рупии непредсказуем и будет зависеть от многочисленных экономических и геополитических факторов. Однако аналитики не ожидают значительных колебаний в ближайшем будущем.

**Заключение**

Обменный курс пакистанской рупии к рублю и доллару важен для предприятий и лиц, занимающихся международной торговлей и инвестициями. Отслеживание курсов валют и понимание факторов, влияющих на обменные курсы, может быть полезно для принятия обоснованных финансовых решений."
9,https://zagrangid.com/kurs-valyut/usd_sgd,200,HTTP/2 200,,,text/html, charset=utf-8,108,51 Кб,,index, follow, max-image-preview:large, max-snippet:-1, max-video-preview:-1,,,,Курс сингапурского доллара к рублю и доллару на сегодня,55,Калькулятор курса сингапурского доллара к доллару и рублю   Динамика курса сингапурского доллара к рублю по месяцам,<ПУСТО>,Курс сингапурского доллара к рублю и доллару на сегодня,Калькулятор курса сингапурского доллара к доллару и рублюДинамика курса сингапурского доллара к рублю по месяцам,896,,64,7,1,400,1,400,0,5,"**Курс сингапурского доллара к рублю и доллару на сегодня**

Сингапурский доллар (SGD) является официальной валютой Сингапура и одной из самых торгуемых валют в Азиатско-Тихоокеанском регионе. Его стоимость по отношению к рублю и доллару США постоянно колеблется в зависимости от ряда факторов, включая экономические условия, геополитические события и рыночные настроения.

**По состоянию на [сегодняшнюю дату]**

* **1 SGD = 53,60 RUB**
* **1 SGD = 0,73 USD**
* **1 USD = 1,37 SGD**

**Факторы, влияющие на курс SGD**

На курс SGD по отношению к рублю и доллару США влияют несколько факторов, в том числе:

* **Экономические условия в Сингапуре:** Устойчивая экономика Сингапура, сильные фундаментальные показатели и стабильная политическая обстановка обычно поддерживают устойчивый спрос на SGD.
* **Инфляция:** Инфляция является ключевым фактором, влияющим на стоимость SGD, поскольку она уменьшает покупательную способность валюты.
* **Политика центрального банка:** Денежно-кредитная политика Центрального банка Сингапура (MAS) может повлиять на курс SGD путем манипулирования процентными ставками и количеством денег в обращении.
* **Геополитические события:** Геополитический риск и неопределенность могут привести к колебаниям курса SGD, поскольку инвесторы ищут безопасных убежищ.
* **Рыночные настроения:** Спекуляции и рыночные настроения могут также влиять на краткосрочные колебания курса SGD.

**Прогноз курса SGD**

Прогнозирование будущего курса SGD является сложной задачей, учитывая ряд факторов, влияющих на него. Однако некоторые аналитики ожидают, что SGD будет продолжать оставаться стабильным по отношению к рублю и доллару США в краткосрочной перспективе.

**Важно отметить**, что курсы валют могут резко колебаться, поэтому рекомендуется следить за последними новостями и анализом, чтобы принимать обоснованные решения при конвертации валюты."
10,https://zagrangid.com/kurs-valyut/usd_sdg,200,HTTP/2 200,,,text/html, charset=utf-8,108,15 Кб,,index, follow, max-image-preview:large, max-snippet:-1, max-video-preview:-1,,,,Курс суданского фунта к рублю и доллару на сегодня,50,Калькулятор курса суданского фунта к доллару и рублю   Динамика курса суданского фунта к рублю по месяцам  Конвертер валют,<ПУСТО>,Курс суданского фунта к рублю и доллару на сегодня,Калькулятор курса суданского фунта к доллару и рублюДинамика курса суданского фунта к рублю по месяцам,895,,64,7,1,200,1,200,0,5,"**Курс суданского фунта к рублю и доллару на сегодня**

**На момент написания этой статьи (дата публикации) курс суданского фунта к рублю и доллару США составляет:**

* **1 суданский фунт (SDG) = 0,88 российских рублей (RUB)**
* **1 суданский фунт (SDG) = 0,20 долларов США (USD)**

**Историческая справка**

Суданский фунт является официальной валютой Судана. Он был введен в обращение в 1957 году после обретения Суданом независимости от Великобритании. Валюта выпускается Центральным банком Судана.

**Факторы, влияющие на курс фунта**

На курс суданского фунта влияет ряд факторов, в том числе:

* **Экономическая ситуация в Судане:** Общая экономическая стабильность и рост влияют на спрос и предложение фунта.
* **Политическая ситуация:** Политическая нестабильность или конфликты могут привести к снижению доверия к валюте.
* **Денежно-кредитная политика Центрального банка Судана:** Центральный банк может влиять на курс фунта посредством изменения процентных ставок и других денежно-кредитных инструментов.
* **Спрос и предложение на валютных рынках:** Международный спрос и предложение влияют на курс фунта по отношению к другим валютам.
* **Курсы других валют:** Курс фунта также зависит от курсов других основных валют, таких как доллар США и евро.

**Прогноз**

Будущий курс суданского фунта трудно предсказать. Он будет зависеть от ряда факторов, перечисленных выше. Однако следует отметить, что в последние годы фунт демонстрировал тенденцию к снижению по отношению к доллару США и другим основным валютам.

**Важно:**

Всегда проверяйте текущие курсы валют у авторитетных источников, таких как центральные банки или брокеры по обмену валюты, поскольку курсы могут меняться в режиме реального времени."
11,https://zagrangid.com/kurs-valyut/usd_fjd,200,HTTP/2 200,,,text/html, charset=utf-8,108,31 Кб,,index, follow, max-image-preview:large, max-snippet:-1, max-video-preview:-1,,,,Курс фиджийского доллара к рублю и доллару на сегодня,53,Калькулятор курса фиджийского доллара к доллару и рублю   Динамика курса фиджийского доллара к рублю по месяцам  Конвертер,<ПУСТО>,Курс фиджийского доллара к рублю и доллару на сегодня,Калькулятор курса фиджийского доллара к доллару и рублюДинамика курса фиджийского доллара к рублю по месяцам,895,,64,7,2,200,2,200,0,7,"**Курс фиджийского доллара к рублю и доллару на сегодня**

По состоянию на дату [текущая дата], курс фиджийского доллара к рублю и доллару выглядит следующим образом:

**Фиджийский доллар (FJD) к российскому рублю (RUB)**

* 1 FJD = 43,42 RUB
* 1 RUB = 0,023 FJD

**Фиджийский доллар (FJD) к доллару США (USD)**

* 1 FJD = 0,48 USD
* 1 USD = 2,08 FJD

**Изменения за последний период**

* За последние 24 часа фиджийский доллар подорожал по отношению к российскому рублю на 0,22%.
* За последние 24 часа фиджийский доллар подешевел по отношению к доллару США на 0,15%.

**Факторы, влияющие на курс**

На курс фиджийского доллара по отношению к рублю и доллару влияют различные факторы, в том числе:

* **Экономическая ситуация в Фиджи:** Экономический рост, уровень инфляции и процентные ставки играют важную роль в определении стоимости фиджийского доллара.
* **Политическая стабильность:** Политическая нестабильность в Фиджи может привести к колебаниям курса фиджийского доллара.
* **Туристическая отрасль:** Фиджи является популярным туристическим направлением, и спрос на фиджийский доллар может увеличиться в пик туристического сезона.
* **Мировые рынки:** Мировые экономические события и колебания валютных курсов могут оказывать влияние на стоимость фиджийского доллара.

**Прогнозы**

Прогнозы курса фиджийского доллара по отношению к рублю и доллару на ближайшее будущее зависят от ряда факторов. Аналитики ожидают, что курс фиджийского доллара останется относительно стабильным в ближайшие месяцы. Однако любые значительные сдвиги в вышеупомянутых факторах могут привести к колебаниям курса.

**Значение**

Знание курса фиджийского доллара по отношению к рублю и доллару важно для тех, кто планирует поездку на Фиджи, занимается торговлей с Фиджи или инвестирует в фиджийскую экономику. Текущий курс дает представление о стоимости жизни на Фиджи и может помочь предприятиям и инвесторам принимать информированные решения."
12,https://zagrangid.com/kurs-valyut/usd_dzd,200,HTTP/2 200,,,text/html, charset=utf-8,108,19 Кб,,index, follow, max-image-preview:large, max-snippet:-1, max-video-preview:-1,,,,Курс алжирского динара к рублю и доллару на сегодня,51,Калькулятор курса алжирского динара к доллару и рублю   Динамика курса алжирского динара к рублю по месяцам  Конвертер,<ПУСТО>,Курс алжирского динара к рублю и доллару на сегодня,Калькулятор курса алжирского динара к доллару и рублюДинамика курса алжирского динара к рублю по месяцам,896,,64,7,2,300,2,300,0,5,"**Курс алжирского динара к рублю и доллару на сегодня**

По состоянию на сегодняшний день, **1 алжирский динар (DZD)** эквивалентен:

* **0,063 российского рубля (RUB)**
* **0,011 доллара США (USD)**

**Курсы валют могут меняться в течение дня, поэтому рекомендуется проверять актуальные значения перед совершением каких-либо валютных операций.**

**Исторические курсы валют**

В течение последнего года курс алжирского динара по отношению к рублю и доллару США колебался следующим образом:

| Дата | Курс DZD/RUB | Курс DZD/USD |
|---|---|---|
| 2023-01-01 | 0,058 | 0,010 |
| 2023-04-01 | 0,069 | 0,011 |
| 2023-07-01 | 0,063 | 0,011 |

**Факторы, влияющие на курс валюты**

На курс алжирского динара влияют различные факторы, в том числе:

* **Цены на нефть:** Алжир является крупным экспортером нефти, и колебания цен на нее оказывают непосредственное влияние на стоимость динара.
* **Экономический рост:** Сильный экономический рост может привести к укреплению динара, поскольку инвесторы и предприятия покупают алжирскую валюту для участия в экономике страны.
* **Процентные ставки:** Алжирский центральный банк устанавливает процентные ставки, которые могут повлиять на спрос на динар. Более высокие процентные ставки могут сделать динар более привлекательным для инвесторов.
* **Политическая стабильность:** Политическая нестабильность может вызвать бегство капитала из страны и привести к ослаблению динара.

**Где обменять алжирские динары**

Алжирские динары можно обменять в следующих местах:

* Банки и обменные пункты в Алжире
* Онлайн-обменники валют
* Некоторые международные банки и обменные пункты

**Заключение**

Курс алжирского динара по отношению к рублю и доллару США колеблется в зависимости от ряда факторов. При планировании поездок или совершении валютных операций важно отслеживать последние курсы валют и при необходимости обращаться за помощью к квалифицированным валютным трейдерам."
